{
    "NaN": [
        75.80767732353854,
        34.550676304495575
    ],
    "CHE": [
        8.234429172288662,
        46.80256937605332
    ],
    "AUT": [
        14.14019348879525,
        47.592902606915196
    ],
    "PRT": [
        -7.9,
        39.332398304643576
    ],
    "LUX": [
        6.087813969032039,
        49.77062957536392
    ],
    "KAZ": [
        66.6578248529193,
        48.015986428641234
    ],
    "ABW": [
        -69.97564122076227,
        12.515627383711797
    ],
    "VAT": [
        12.452254473718623,
        41.90336493327425
    ],
    "GNQ": [
        10.341982283041125,
        1.712338564570087
    ],
    "JAM": [
        -77.31901136197915,
        18.151418769110276
    ],
    "EST": [
        25.52761631201438,
        58.674135907863445
    ],
    "NER": [
        9.397647758369725,
        17.426148962247805
    ],
    "BLZ": [
        -88.68476698323008,
        17.21766625422946
    ],
    "MAR": [
        -6.317845225561027,
        31.88362495443742
    ],
    "MNP": [
        145.67921950822935,
        15.088520065932547
    ],
    "FRA": [
        2.5519552167777952,
        46.56450205398794
    ],
    "SRB": [
        20.805271723235375,
        44.031498418616394
    ],
    "URY": [
        -56.01239637788298,
        -32.799645341117
    ],
    "GUM": [
        144.77559609548038,
        13.443566349710713
    ],
    "PAN": [
        -80.1026619472697,
        8.50718634568485
    ],
    "ANT": [
        -68.69366926528984,
        12.187804632403003
    ],
    "DZA": [
        2.6323881691928235,
        28.163239267304466
    ],
    "TGO": [
        0.9757216793859798,
        8.534960452356943
    ],
    "MLT": [
        14.441922648934293,
        35.89052204833109
    ],
    "FIN": [
        26.5,
        62
    ],
    "TUR": [
        35.17967189183074,
        39.060595341662804
    ],
    "LTU": [
        23.898123250117063,
        55.33567048559037
    ],
    "RUS": [
        96.56805448782958,
        61.949422437674976
    ],
    "ZWE": [
        29.871837767180068,
        -19.00009844179193
    ],
    "SGP": [
        103.8080509453779,
        1.3516148228449165
    ],
    "OMN": [
        56.111383108264526,
        20.597694874039327
    ],
    "KOR": [
        127.83477207666978,
        36.37508873369242
    ],
    "MSR": [
        -62.18693594727529,
        16.735366242999707
    ],
    "LBR": [
        -9.307913832046882,
        6.448091527343703
    ],
    "RWA": [
        29.91765225350001,
        -1.9978920524416317
    ],
    "NIC": [
        -85.03478332255999,
        12.839905878385606
    ],
    "MOZ": [
        35.55142191837771,
        -17.259323521694814
    ],
    "ARG": [
        -65.16772724090072,
        -35.37643634090826
    ],
    "COG": [
        15.224293438732685,
        -0.8402315749041122
    ],
    "BHS": [
        -76.54662153239117,
        24.20112648687148
    ],
    "CHL": [
        -71.373980439992,
        -37.85248982134251
    ],
    "GIN": [
        -10.941772059364299,
        10.438211891180321
    ],
    "IOT": [
        72.43402656488144,
        -7.334266458936674
    ],
    "KNA": [
        -62.753519776881106,
        17.326191288189765
    ],
    "SLB": [
        159.6343150605085,
        -8.918214065358017
    ],
    "PCN": [
        -128.59323185242758,
        -24.47653239347154
    ],
    "LCA": [
        -60.96871117138652,
        13.897866017988024
    ],
    "TKM": [
        58.391315019284995,
        39.21879264149987
    ],
    "ATF": [
        68.86192476480339,
        -49.19179489508395
    ],
    "SVN": [
        14.82653748920358,
        46.123563763534
    ],
    "SLV": [
        -88.8665121068615,
        13.736897105301775
    ],
    "COK": [
        -158.90888255220756,
        -20.934037782379328
    ],
    "UGA": [
        32.38621827281175,
        1.2799634451787583
    ],
    "UZB": [
        63.169364370421164,
        41.75044402910113
    ],
    "IRL": [
        -8.150578960214018,
        53.17638162826427
    ],
    "ERI": [
        38.841285734615475,
        15.373203130370346
    ],
    "KWT": [
        47.59087621282215,
        29.340791326705354
    ],
    "BRN": [
        114.7610992714949,
        4.5214451831614175
    ],
    "CPV": [
        -23.967784574340477,
        15.978973266800969
    ],
    "ITA": [
        12.071742970356832,
        42.79578239851079
    ],
    "IRN": [
        54.19776609324847,
        32.73946308870455
    ],
    "ARE": [
        54.34073373155668,
        23.9031933433165
    ],
    "VGB": [
        -64.53042253947773,
        18.44458928989969
    ],
    "SMR": [
        12.45863291380937,
        43.943639734531686
    ],
    "ZMB": [
        27.798249163484364,
        -13.45301862466974
    ],
    "LVA": [
        24.92942396864251,
        56.857534437085654
    ],
    "MHL": [
        168.6269207465262,
        7.64327257204057
    ],
    "SYR": [
        38.50513206494866,
        35.01313386115792
    ],
    "LKA": [
        80.70472658542141,
        7.608085927014853
    ],
    "PLW": [
        134.56868687823004,
        7.501882414132657
    ],
    "CAN": [
        -98.26532943367121,
        61.39201724015711
    ],
    "ETH": [
        39.61617576325991,
        8.633290652257898
    ],
    "GRL": [
        -41.389501313052925,
        74.72091756040473
    ],
    "COM": [
        43.67591965501098,
        -11.892754677494576
    ],
    "GTM": [
        -90.35624226813961,
        15.70213512278772
    ],
    "KGZ": [
        74.55559665591913,
        41.46505454396532
    ],
    "SUR": [
        -55.91182643362298,
        4.126394638258222
    ],
    "POL": [
        19.400883854674174,
        52.124610086565546
    ],
    "BMU": [
        -64.73960534243399,
        32.31608616923679
    ],
    "SSD": [
        30.3159635770886,
        7.295765920550891
    ],
    "BGR": [
        25.231506244029507,
        42.76137671439208
    ],
    "GBR": [
        -1.2,
        52
    ],
    "BHR": [
        50.55964318352661,
        26.022409517037772
    ],
    "NIU": [
        -169.86878139260543,
        -19.052309558871364
    ],
    "SOM": [
        45.86259041908098,
        6.063723738463383
    ],
    "BRB": [
        -59.56195497759968,
        13.178715064348594
    ],
    "PRI": [
        -66.46234221312118,
        18.22132898361081
    ],
    "SYC": [
        52.22989940049534,
        -6.354369979634099
    ],
    "SEN": [
        -14.467653621117616,
        14.366965745226873
    ],
    "GRC": [
        22.959746340667394,
        39.06853720123029
    ],
    "PSE": [
        34.3727489983712,
        31.401863619651174
    ],
    "REU": [
        55.53817966041089,
        -21.12166049427055
    ],
    "SAU": [
        44.54571894171098,
        24.122887819413464
    ],
    "TWN": [
        120.95079799409771,
        23.754013293522465
    ],
    "GLP": [
        -61.53674307119227,
        16.203461373511278
    ],
    "CAF": [
        20.4829669203305,
        6.571232077104282
    ],
    "PYF": [
        -146.41858386723194,
        -14.854975666349237
    ],
    "BRA": [
        -53.089819954013194,
        -10.773108522625632
    ],
    "HTI": [
        -72.67945774014382,
        18.941608703346596
    ],
    "NLD": [
        5.6034180269466125,
        52.24926328962544
    ],
    "TCD": [
        18.664479714387145,
        15.361166539137777
    ],
    "TTO": [
        -61.25317681984232,
        10.468641433558668
    ],
    "SVK": [
        19.491653882276136,
        48.70753128946242
    ],
    "MLI": [
        -3.5244225221770105,
        17.350279190913366
    ],
    "ARM": [
        44.94682354396964,
        40.28661987742086
    ],
    "ALB": [
        20.068384605918776,
        41.142284823416894
    ],
    "GIB": [
        -5.344894624709657,
        36.138214997396915
    ],
    "SWZ": [
        31.49752845618843,
        -26.562642190929807
    ],